iter	Logloss
0	0.6701302455
1	0.6383938736
2	0.6117574072
3	0.5873300206
4	0.5565412105
5	0.5365295215
6	0.5129938597
7	0.4940610882
8	0.4801781609
9	0.4657096371
10	0.4555025477
11	0.4470020677
12	0.4373022946
13	0.4265194159
14	0.4199861699
15	0.413485956
16	0.4090141085
17	0.4019036003
18	0.3995320488
19	0.3937423626
20	0.3881998004
21	0.3846834893
22	0.3794387163
23	0.3741300857
24	0.3697005619
25	0.3661600495
26	0.3648673611
27	0.360195814
28	0.3573489721
29	0.3537375925
